date,bedtime_glucose,active_insulin_units,dinner_carbs_g,bedtime_snack_carbs_g,evening_exercise_min,exercise_intensity,prior_sleep_hours,alcohol_units,sensor_trend_arrow,nadir_glucose,nocturnal_crash
2026-07-07,148.9,2.68,98.6,0,45,3,7.2,0,0,48.0,1
2026-07-08,131.1,0.93,73.5,0,0,0,5.8,0,0,58.9,1
2026-07-09,153.1,1.98,43.6,10,0,0,6.2,0,-2,96.8,0
2026-07-10,177.6,2.72,76.8,15,60,2,5.6,3,1,54.9,1
2026-07-11,128.4,0.46,47.5,15,60,2,6.7,0,2,96.5,0
2026-07-12,128.4,0.14,79.2,0,20,3,7.9,1,0,53.3,1
2026-07-13,179.2,0.31,85.9,30,35,2,5.7,0,0,133.6,0
2026-07-14,156.5,0.67,50.2,15,20,1,7.4,0,1,97.7,0
2026-07-15,121.9,2.04,82.3,10,0,0,6.2,1,0,53.8,1
2026-07-16,150.2,2.37,72.4,10,0,0,5.9,0,-1,116.5,0
2026-07-17,122.0,0.01,79.8,0,35,3,6.7,0,0,98.1,0
2026-07-18,122.0,0.86,99.1,0,35,2,5.7,0,0,66.7,1
2026-07-19,141.8,0.65,60.6,0,35,2,6.2,0,0,111.7,0
2026-07-20,85.0,0.3,51.4,15,35,2,5.5,2,0,50.1,1
2026-07-21,86.7,0.15,49.0,0,0,0,9.0,1,2,135.9,0
2026-07-22,119.3,0.49,50.3,0,20,3,6.8,3,1,60.8,1
2026-07-23,106.6,3.44,63.6,0,0,0,6.0,0,0,58.4,1
2026-07-24,143.8,0.47,71.1,0,20,1,7.0,1,-1,43.0,1
2026-07-25,109.6,0.88,70.0,20,20,2,6.7,2,2,48.9,1
2026-07-26,95.5,1.46,79.9,15,45,3,6.6,0,1,52.3,1
2026-07-27,176.0,0.54,65.2,10,0,0,7.5,0,-1,119.9,0
2026-07-28,128.7,4.28,91.2,0,0,0,7.6,1,1,58.3,1
2026-07-29,136.9,3.94,60.2,10,0,0,6.2,0,1,55.2,1
2026-07-30,95.1,0.35,114.0,10,35,2,6.2,1,0,93.6,0
2026-07-31,119.8,0.83,76.3,0,35,3,6.5,0,0,56.7,1
2026-08-01,138.1,0.43,49.6,0,0,0,4.5,1,0,58.3,1
2026-08-02,102.8,0.4,45.7,0,0,0,5.1,0,-2,57.9,1
2026-08-03,145.5,0.05,73.7,10,35,2,8.3,0,0,140.3,0
2026-08-04,118.2,1.13,61.0,10,0,0,8.6,0,1,98.7,0
2026-08-05,126.8,0.84,77.9,0,45,1,6.5,1,-2,57.2,1
2026-08-06,118.2,0.06,73.5,0,35,1,7.4,0,0,107.7,0
2026-08-07,186.9,0.39,63.7,10,0,0,7.1,0,0,129.4,0
2026-08-08,134.6,2.87,49.8,10,0,0,9.0,0,0,57.0,1
2026-08-09,105.4,0.33,37.7,20,60,3,8.0,1,1,55.5,1
2026-08-10,158.0,0.19,57.0,15,0,0,6.7,0,0,99.2,0
2026-08-11,100.8,0.81,80.4,0,0,0,5.7,1,0,126.8,0
2026-08-12,140.8,4.5,68.9,0,45,2,5.0,0,0,46.4,1
2026-08-13,85.0,0.33,42.6,10,60,3,7.0,0,0,61.4,1
2026-08-14,97.8,1.34,68.1,0,60,3,6.0,0,-1,53.7,1
2026-08-15,140.5,1.72,71.9,10,35,1,5.2,0,0,58.8,1
2026-08-16,155.7,0.33,49.1,30,0,0,6.1,1,-1,118.6,0
2026-08-17,139.8,1.56,67.8,10,0,0,5.6,0,-1,128.0,0
2026-08-18,131.8,0.55,66.0,0,35,3,8.7,0,0,60.6,1
2026-08-19,126.6,1.2,44.4,10,20,2,7.8,2,0,50.4,1
2026-08-20,93.6,1.2,71.4,10,20,1,6.8,0,1,54.7,1
2026-08-21,114.8,0.92,75.1,10,45,2,8.4,0,0,50.8,1
2026-08-22,122.1,0.11,84.5,30,0,0,6.9,2,0,132.9,0
2026-08-23,164.6,2.16,84.0,0,20,2,5.9,0,0,51.8,1
2026-08-24,144.6,0.46,40.2,30,0,0,8.5,0,-2,105.0,0
2026-08-25,85.6,0.25,48.1,20,20,2,7.4,2,0,110.6,0
2026-08-26,144.1,0.05,74.3,0,0,0,5.7,0,-1,129.7,0
2026-08-27,124.2,1.07,74.2,0,0,0,6.6,0,2,93.3,0
2026-08-28,116.0,1.36,74.3,0,0,0,5.8,0,-1,52.7,1
2026-08-29,152.1,0.02,120.0,0,35,3,5.3,1,0,50.9,1
2026-08-30,163.9,0.86,75.3,0,35,2,7.8,0,-1,64.1,1
2026-08-31,161.1,0.31,85.4,15,20,2,8.9,0,2,131.0,0
2026-09-01,111.5,1.24,82.2,0,60,3,5.3,2,0,61.2,1
2026-09-02,126.3,0.23,76.7,0,0,0,7.4,1,0,108.8,0
2026-09-03,144.3,1.41,59.3,20,0,0,6.1,0,-2,55.9,1
2026-09-04,162.3,0.59,78.7,0,45,1,6.3,0,0,121.4,0
2026-09-05,121.6,3.31,51.1,20,0,0,6.1,0,-1,54.6,1
2026-09-06,129.8,0.18,60.7,0,60,2,5.8,1,1,146.9,0
2026-09-07,104.0,0.5,56.3,0,0,0,6.9,0,-1,50.4,1
2026-09-08,101.5,0.14,66.5,15,60,1,5.9,0,-1,63.9,1
2026-09-09,157.8,3.1,106.7,10,0,0,7.1,1,-2,68.0,1
2026-09-10,173.0,2.52,31.4,20,45,1,6.7,1,0,136.4,0
2026-09-11,133.0,0.36,77.4,15,20,2,6.5,0,0,106.3,0
2026-09-12,163.1,1.29,36.0,20,60,2,5.8,1,-2,64.2,1
2026-09-13,145.1,2.04,56.5,0,0,0,6.2,0,1,65.1,1
2026-09-14,116.9,0.97,84.6,0,20,2,7.6,1,0,50.3,1
2026-09-15,145.1,0.91,66.2,15,60,3,7.4,0,0,51.1,1
2026-09-16,178.1,0.33,45.6,20,20,2,5.7,0,0,111.5,0
2026-09-17,134.0,0.12,52.1,30,35,2,6.9,1,0,127.3,0
2026-09-18,178.8,2.73,77.2,0,35,2,7.6,0,0,47.6,1
2026-09-19,85.0,2.77,51.9,0,20,2,5.0,0,-1,47.0,1
2026-09-20,158.0,1.2,68.9,15,35,2,7.4,1,-1,48.6,1
2026-09-21,137.4,0.5,65.8,0,20,3,6.1,1,1,53.8,1
2026-09-22,126.6,0.52,53.3,30,45,3,7.4,0,2,80.6,0
2026-09-23,137.6,1.55,103.6,20,0,0,6.0,0,0,64.9,1
2026-09-24,85.0,2.73,76.4,0,0,0,4.8,0,-1,47.0,1
2026-09-25,128.8,2.62,28.5,15,60,2,5.0,0,0,60.9,1
2026-09-26,145.0,1.82,68.4,15,45,1,6.9,0,0,52.5,1
2026-09-27,176.4,1.23,53.1,0,20,2,7.1,0,-2,53.7,1
2026-09-28,120.5,0.11,80.3,20,35,3,5.8,2,-1,58.7,1
2026-09-29,112.4,0.21,50.7,10,0,0,7.5,0,0,81.9,0
2026-09-30,121.0,2.75,62.9,20,0,0,5.0,0,0,56.7,1
2026-10-01,160.6,1.12,74.1,0,20,2,6.7,0,-2,55.2,1
2026-10-02,144.2,0.01,80.6,20,0,0,5.5,2,-1,99.0,0
2026-10-03,120.2,0.13,43.4,0,20,1,6.1,0,-1,89.6,0
2026-10-04,149.4,1.31,59.0,0,0,0,6.9,0,0,120.8,0
